{"cameraMode":{"drawMode":0,"name":"Shaded","section":"Shading Mode"},"sceneLighting":true,"audioPlay":false,"sceneViewState":{"showFog":true,"showMaterialUpdate":false,"showSkybox":true,"showFlares":true,"showImageEffects":true,"showParticleSystems":true},"in2DMode":false,"pivot":{"x":0.06739604473114014,"y":0.22051361203193665,"z":-3.7416954040527345},"rotation":{"x":-0.005438777152448893,"y":-0.9943550825119019,"z":0.05551959574222565,"w":-0.09114694595336914},"size":1.5624897480010987,"orthographic":false}