{"cameraMode":{"drawMode":0,"name":"Shaded","section":"Shading Mode"},"sceneLighting":true,"audioPlay":false,"sceneViewState":{"showFog":true,"showMaterialUpdate":false,"showSkybox":true,"showFlares":true,"showImageEffects":true,"showParticleSystems":true},"in2DMode":false,"pivot":{"x":-0.800000011920929,"y":0.800000011920929,"z":-3.3000001907348635},"rotation":{"x":-0.028006352484226228,"y":-0.9677542448043823,"z":0.12130904197692871,"w":-0.21951380372047425},"size":22.0,"orthographic":false}