{"cameraMode":{"drawMode":0,"name":"Shaded","section":"Shading Mode"},"sceneLighting":true,"audioPlay":false,"sceneViewState":{"showFog":true,"showMaterialUpdate":false,"showSkybox":true,"showFlares":true,"showImageEffects":true,"showParticleSystems":true},"in2DMode":false,"pivot":{"x":4.858247756958008,"y":0.5895792841911316,"z":-18.538171768188478},"rotation":{"x":-0.0010830721585080028,"y":0.9808102250099182,"z":0.008648124523460865,"w":0.1954699158668518},"size":22.0,"orthographic":false}