{"cameraMode":{"drawMode":0,"name":"Shaded","section":"Shading Mode"},"sceneLighting":true,"audioPlay":false,"sceneViewState":{"showFog":true,"showMaterialUpdate":false,"showSkybox":true,"showFlares":true,"showImageEffects":true,"showParticleSystems":true},"in2DMode":false,"pivot":{"x":-0.07121703773736954,"y":0.08834576606750488,"z":-3.1847357749938967},"rotation":{"x":0.0016578985378146172,"y":-0.9724496603012085,"z":0.23367074131965638,"w":0.011440317146480084},"size":5.224799633026123,"orthographic":false}