{"cameraMode":{"drawMode":0,"name":"Shaded","section":"Shading Mode"},"sceneLighting":false,"audioPlay":false,"sceneViewState":{"showFog":true,"showMaterialUpdate":false,"showSkybox":false,"showFlares":true,"showImageEffects":true,"showParticleSystems":true},"in2DMode":false,"pivot":{"x":-0.00016182661056518555,"y":0.4596424102783203,"z":-0.10946467518806458},"rotation":{"x":-0.010005650110542775,"y":0.9859872460365295,"z":-0.067020945250988,"w":-0.1530606895685196},"size":2.26543927192688,"orthographic":false}